,type,samples number,mean,se
0,exist,58,1.5,0.24895739789989052
1,count,54,0.4444444444444444,0.07709874072096788
